{
    "foreground_intensity_properties_per_channel": {
        "0": {
            "max": 1.0,
            "mean": 0.7354356050491333,
            "median": 0.8022036552429199,
            "min": 0.0,
            "percentile_00_5": 4.056980469613336e-05,
            "percentile_99_5": 0.9970190525054932,
            "std": 0.23879730701446533
        }
    },
    "median_relative_size_after_cropping": 1.0,
    "shapes_after_crop": [
        [
            63,
            512,
            512
        ],
        [
            30,
            512,
            512
        ]
    ],
    "spacings": [
        [
            1.0,
            1.0,
            1.0
        ],
        [
            1.0,
            1.0,
            1.0
        ]
    ]
}